{"test_loss": 99.65894063313802, "best_loss": 107.52393595377605, "test_auc": 0.7558750773036488, "best_auc": 0.7342300556586271, "test_precision_recall": 0.1029523623476443, "best_precision_recall": 0.10684735559028286, "test_f1": 0.17582417582417584, "best_f1": 0.15920398009950248}