{"test_loss": 103.78171030680339, "best_loss": 99.65894063313802, "test_auc": 0.7615955473098331, "best_auc": 0.7558750773036488, "test_precision_recall": 0.1463788033742967, "best_precision_recall": 0.10684735559028286, "test_f1": 0.16744186046511628, "best_f1": 0.17582417582417584}